user_id,name,username,_ts
1595101780941340672,‡§µ‡§ø‡§¶‡§ø‡§∂‡§æ,vidisha_nayar,1671254820288
1586532788211171330,Jadyn,Jadyndab,1671254820296
1516393526942130180,Mostafa,buger1993Nova,1671254820300
2245193340,arisbtr75,arisbltr,1671254820305
1603983382421069824,mamoo,mamoo321321,1671254820309
1603980767071244290,Margarita Del Carpio,madelcarfe12,1671254820313
1597987169926348804,Paul,SmallPaul77,1671254820316
1603981769916686337,Riccardo Trotter,TrotterRiccardo,1671254820320
874697407560331264,Rohit Pradeep,ryo_red_,1671254820327
1603983375341068290,–°–≤–µ—Ç–ª–∞–Ω–∞,Svetlan21050523,1671254820330
1295927297451548672,Êù®Â∞èÊ¥ã,yy363256763,1671254820333
1603983372220436480,Mona725429,mona725429,1671254820337
1603982620517437440,Brenda Luna,BrendaL55762894,1671254820340
1603981977564086279,Deborah Tillman,DTmaddog66,1671254820345
1603983338007662593,Prentice Walker,PrenticeWalker2,1671254820348
1603979760518021121,Abdukabir Ruziqulov,Abdulkabir_007_,1671254820352
1603982006357880832,Monserrat Alducin Palacios,PalaciosAlducin,1671254820355
1603983166045581312,Khan Amir 001,KhanAmir0011,1671254820363
1603983437718863872,david andrei,Nokiki2113,1671254820367
1603983337382875137,Sandhu khan,il_tm7,1671254820370
1285706873010892802,DARRYL,KwesiOng,1671254820373
499466584,rebecca,becca8444,1671254820376
160505114,S√©verine,SeverineKJKD36,1671254820383
1603983191911677952,Sagar Hiera,SagarHiera,1671254820387
1603983314154450944,Roderick Huggins,RoderickHuggin3,1671254820390
1603983370773532673,–Ø–Ω–∏—Ç–∞,nita88068536,1671254820393
1603983140493692928,Angela,Angela264412652,1671254820397
1603983453501825025,tuanvuoutlook,tuanvuoutlook,1671254820400
1603982993936236545,Craig Loy,Craigery70,1671254820403
1603983304625102848,Joly Roger,joly_roger9,1671254820407
1603983229488599040,Boofarag Subhani,boofarag_s,1671254820410
1603773930862702592,Zues‚öúÔ∏èüî•,Zues691763441,1671254820414
1603983345662189568,–§–∏–ª–∏–ø–ø–∏–Ω–∞,Filippi22834920,1671254820417
1603983369687257088,Havanur,Havanur08374476,1671254820420
1603981595274145792,Faisal Mauludin arda,faisal_arda,1671254820423
1574650166560563200,ËàûËπàÁ≥ªÂ®úÁæéÈÖ±,PointDn,1671254820427
1603981967283871744,charles onunkwo,charlesonunkwo5,1671254820430
1555487275517362176,Tejaswani Nag,NagTejaswani,1671254820434
1520372659267198978,Damon Graham,DamonGr75451182,1671254820437
1603983484154003456,Afi Sandalc√§¬± üêÜü¶ïüòÉ,ASandalca,1671254820440
1603983293418201088,Joe root,joerooot013,1671254820444
1603983316461719553,ÁéâÂçïÊâ¨,kollaey,1671254820447
1569837680808296449,"154 S Mansfield Ave, Los Angeles, CA 90036",brewers_69,1671254820451
1603983293484912641,Jojito Lopez,jojito_lopez,1671254820454
1488400964465926144,Murad Helaleh,MuradHelaleh,1671254820457
1603982852042985472,Haime Camacho,HaimeCamacho,1671254820461
1603983004229042176,Sandra Alex,SandraA84921176,1671254820469
1603983007068459008,Tw_quizzz,QuizzzTw,1671254820478
1603983429728706562,Gulfer,Gulfer53111771,1671254820485
1603983306441330689,–§–µ–∫–ª–∞,Fekla29964749,1671254820494
1189764751846334464,Yoo Pharan,pakklay7,1671254820502
1603611774229835776,Travis Singh,TravisS01634525,1671254820510
1603982658400407552,Bella Duffield,duffield_bella,1671254820520
1573487631064768516,Iran,Mahbanoog,1671254820528
1603983420681510912,Ozgehan Sachkov,OSachkov,1671254820538
1603983038727479296,Yogita Sharma,ysharma19121998,1671254820546
1603983335675535361,–í–∞—Å–∏–ª–∏—Å–∞,Vasilis55119167,1671254820553
1603983227173076992,Zach Saxton,ZachSaxton6,1671254820562
1603983290100236288,Mckenzie,Hey1244534,1671254820571
1603982692927692800,Martin Galindo,MartinG54712710,1671254820579
1603983326032773121,Szu,Szu382564,1671254820588
1603981648860782592,Cosis,cosis1981,1671254820597
1603982874407059456,Hasan Akunjii,GOKDORRRENDELLE,1671254820605
1392611659382808579,chaos,ZoomFinder4,1671254820614
1603983325823225856,Tristan Wright,Tristan20043721,1671254820622
1603981924879503362,Abdishakur Abdi,shakecade1999,1671254820631
1603983029956927488,Shaniqua Richards,thewittiewitch,1671254820639
1603983286283522050,–ë–µ–∞—Ç–∞,Beata03932917,1671254820648
1352760872372940800,sabisabinasnas,sab1nas2,1671254820663
1603983298673401856,–õ–µ–æ–Ω—Ç–∏–Ω–∞,Leontin11474211,1671254820671
1589617731451731968,Konstantinos Karkaletsis,KKarkaletsis,1671254820679
1603982867566051334,Terence Cheng,Terence_che_che,1671254820687
1603983349097414658,Misty Andrews,MistyAn16771480,1671254820697
1603983376691740672,Bave,Bave84223885,1671254820705
1603982853863137280,ÁéãÊ≥Ω,caoying473,1671254820713
1603983412523474944,Jarl Nala,JarlNala,1671254820722
1603982741477167104,Ancat Tech,ancat_tech,1671254820730
1603982736653443074,Hado,ix7dw,1671254820741
1603983322215960576,Inell Massimino,MassiminoInell,1671254820750
1578440969577529353,Xuan Vu,XuanVu43222885,1671254820759
1603982120132673537,Edy M Linares,EdyMLinares,1671254820768
1603983410095087616,Gulendem,Gulende26251438,1671254820776
1603982697197867008,Aadarsh Nishad,Aadarshu143,1671254820785
1603983104011550721,Aziz,azienigna,1671254820793
1603983050572189698,‡∏ò‡∏ô‡∏≤‡∏ò‡∏¥‡∏õ ‡∏ß‡∏±‡∏Å‡πÑ‡∏ò‡∏™‡∏á,NTWTK_88,1671254820802
1452719982299664386,Jorji Joseph Ajai,JorjiAjai,1671254820810
1603983254612213760,–°–∞–ª–æ–º–µ—è,Salome36761877,1671254820820
1588833393826930688,dorj,dorj77887508,1671254820828
1603982153536409600,Nguyen Phong,Phongxzy,1671254820836
1603730591030996992,Kiaku,Kiakumonochrome,1671254820845
1603983096398741504,Rohit Gupta,Rohit15530594,1671254820853
866650367681077248,Ashtonculpepper,Ashtonculpeppe3,1671254820862
1542019914499858432,uk,Miran43072293,1671254820870
1603983114728099842,–õ–∏ –õ–µ–æ–Ω–∏–¥,LiLeonid6,1671254820878
1603983253945344003,–ê–¥—Ä–∏–∞–Ω–∞,Adriana26637572,1671254820886
1603983201730527232,Annie Campbell,AnnieCa39006850,1671254820895
1603983358354243584,Suzerain Elias,EliasSuzerain,1671254820904
1603983074483507205,Kiyaamianne Williams,kiyaamianne,1671254820912
1564983661564493824,Brno,Bruenox,1671254820920
1603983244730458112,–Æ–ª–∏—è,li39158061,1671254820928
1603983221070471168,Blithe Bertie,blithe_bertie,1671254820937
1603974243947253760,srinu babu,srinubabu766,1671254820946
1603983217450946560,V√µ B·∫£o,VBo30593203,1671254820953
1603979701822824448,David,DavidS0_0,1671254820962
1603280588018008064,KOFI YAMOAH,sirlisto1995,1671254820970
1603980965424123906,Ryan Haag,unsunggoats,1671254820978
1603983336153694213,Gabriela,Gabriel01337996,1671254820986
1603983043114696705,Emily,Emily122hr,1671254820994
1603982582714175488,Miguel Arellano,MiguelA70675864,1671254821002
439082532,Maria Marinho,MariaaMarinho,1671254821011
1603983138123825152,Nolan Anderson,Stubbyrep,1671254821019
714614054,Nick Edwards,nick_edwards25,1671254821028
1603982676062527489,tarilom150@umaxol.com,tarilom150,1671254821036
1603981597052649472,msautodetailing,msautodetailing,1671254821044
1603982667779018752,Aamish Shazad,aamish_shazad,1671254821053
262027164,Nellyville,GEMINIGURL2011,1671254821061
1474686571320586240,kenta,kenta02984092,1671254821069
1603973892623962113,Milan Gasser,MGZ963,1671254821079
1603983087381217281,Cristiano,Cristia92967611,1671254821098
846859572,Dek's Padhet,DeksPadhet,1671254821107
1603982383316975616,Franklin spice,spicefranklin2,1671254821115
1603735831445110784,Saurabh Kashyap,Saurabh08915009,1671254821123
1554740113946468352,kaushal Malooka,Kaushal_malooka,1671254821131
1603983327941345280,Marƒ±ette Ybos üôÉüí¢üôÜ‚Äç‚ôÇÔ∏è,YbosEtte,1671254821140
1603983263097360384,Itz 4k Jay,Itz4kJay1,1671254821148
1603983206901874688,ƒê·∫°t,t23861529,1671254821157
1603983219011080194,Alex Coronado,AlexCor54126620,1671254821165
1603981387886837760,Edrees Masoom,edreesmasoom1,1671254821173
1603983171414097920,ŸÖŸá€åÿßÿ± ÿ®ÿ±ÿ≤⁄Øÿ±,brzgr_mhyar,1671254821182
976796870155669505,Aaron Ganong,AaronGanong1,1671254821190
1603983136744173568,Sojib,aljskslalakeka,1671254821198
1603978463517589504,frizi gatwick's,s_frizi,1671254821205
1603982678872784896,Rodolfo Pedroza,Rodolfo31747917,1671254821213
1603980560610824193,Missael Cruz le√≥n,MissaelCruzlen2,1671254821222
1461875712785203203,Ë•øË•øÂüüÁ¨¨‰∏Ä‰øÆÂãæ,KWHZX1,1671254821230
1536730341213638658,K@24Âçí,tarokto24,1671254821238
1603982075756810242,Ritik Raushan,RitikRa14606231,1671254821246
1603983105429159936,Omsk0,fgh_0m,1671254821254
1603979929611141121,Xinyu Tommy Ni,XinyuTommyNi,1671254821262
1603981573786898432,Luiz Ant√¥nio,LuizAntyiun,1671254821269
1603983221947088896,Cameron Cummings,Cameron73105137,1671254821278
1603982958469140480,Faizan,Faizan90131047,1671254821286
3020670447,Yusuf ƒ∞zg√∂rd√º üü¢üáπüá∑,IzgorduYusuf,1671254821294
1603983165030383616,–ò—Ä–∞–∏–¥–∞,Iraida68453364,1671254821302
1603983291891302401,Fugen T,t_fugen,1671254821310
1603390755380563969,Sandhya,Sandhya28830579,1671254821318
1603981795212791809,Anthony Romans,Anthony51567804,1671254821327
1603982422093320195,Abolfazl,Abolfaz04701918,1671254821335
1603983084038209536,Rakha,Rakha13767854,1671254821342
1448186999148515335,Herreco,Herreco1,1671254821350
1182066165771902976,Manuelinho,Manueli90836967,1671254821358
1603983231472340992,lilia,lilia67892880,1671254821367
1603981885872316416,FlailedArtist,FlailedArtist,1671254821375
1307157126775701505,üåªüåªüåªüåªüåª#SCOTUSLIED #AbortionIsHealthcare,RbgGhostof,1671254821383
754343908893614080,Rajasri Subramanian,RajasriS05,1671254821391
1550781289929793537,OG BHAGA,BhagaOg,1671254821399
1603983092351258624,ÈôàÈî¶Êñá,chnjnwn82701310,1671254821407
1603980925846503424,Abhishek Anand,Abhishek620785,1671254821415
1603983232483356673,Phil Collins,PhilCol31742947,1671254821424
1603981379380731904,Steve Long,SteveLo01626307,1671254821432
1498229336490790912,madhavakrishna thota,madhava90200624,1671254821441
1595051252794023937,IN NOCENT,INNOCEN10166184,1671254821448
1603980364329783296,William Kielty,WKielty,1671254821456
1603982679573151745,toufik zaida,toufikzaida1,1671254821464
1603982338630860801,ThatSteamfitterGuy,ThatSteamfitter,1671254821473
1422920969568493570,ËÇâÂåÖxxxc,MgXwW9YNY6yslGF,1671254821480
1603981346640384000,MD HOZAIFA ALAM,Alig_Huzaifa,1671254821488
1603982897199091712,Khang0506.,trongkhangh089,1671254821496
1603983074143911936,IrllyHateCorvi,CorviHate,1671254821504
1603983239169081344,Aaron Zhang,zh11057653,1671254821513
1043185714437992449,Catturd ‚Ñ¢,catturd2,1671254824236
83148331,Ariadna Jacob,littlemissjacob,1671254824255
1495956968640421893,Musk University | Quotes,MuskUniversity,1671254824259
1263491240336769026,Whole Mars Catalog,WholeMarsBlog,1671254824261
61558281,"Brian Feroldi (üß†,üìà)",BrianFeroldi,1671254824264
1187835922118787073,Lavern Spicer üá∫üá∏,lavern_spicer,1671254824266
1210398164878024704,Eliza,elizableu,1671254824269
1374968033265864706,TaraBullÓ®Ä,TaraBull808,1671254824272
349249475,Ross Gerber,GerberKawasaki,1671254824275
987720550251421698,Chrimbo Reviews,Cynical_CJ,1671254824278
96906231,Viva Frei,thevivafrei,1671254824281
264361128,Liz Wheeler,Liz_Wheeler,1671254824286
919968511,Andy,andy0___,1671254824288
3257368988,"ü´Éüèºüá∫üá¶üíâHollaria Briden, Esq.",HollyBriden,1671254824293
1475231323480543232,CarDealershipGuy,GuyDealership,1671254824295
18266688,Tom Fitton,TomFitton,1671254824299
1366565625401909249,Wall Street Silver,WallStreetSilv,1671254824301
1355945100216573952,Sir Doge of the Coin ‚öîÔ∏è,dogeofficialceo,1671254824304
27000730,Tim Pool,Timcast,1671254824307
289548939,Bari Weiss,bariweiss,1671254824310
348844712,Gali,Gfilche,1671254824312
298274977,Jason DeBolt ‚ö°Ô∏è,jasondebolt,1671254824315
592730371,Pillow Time PosoüéÖüèªüéÑ,JackPosobiec,1671254824318
1348000099,Sir Maejor,sirmaejor,1671254824321
105852422,Not Jerome Powell,alifarhat79,1671254824329
97054224,Avi Yemini,OzraeliAvi,1671254824331
1016059981907386368,Tesla Owners Silicon Valley,teslaownersSV,1671254824336
534023,ALX üá∫üá∏,alx,1671254824339
1133456036,Tweet Binder,TweetBinder,1671254824341
75209239,Jason Kint,jason_kint,1671254824343
1319036828964454402,Community Notes,CommunityNotes,1671254824346
48111864,Alec Stapp,AlecStapp,1671254824351
16106584,Ian Miles Cheong,stillgray,1671254824354
138203134,Alexandria Ocasio-Cortez,AOC,1671254824357
479953114,Conservative Momma,conmomma,1671254824359
49024508,Onion Weigher üßÖ‚öñÔ∏è,onionweigher,1671254824361
37190937,The Redheaded libertarian,TRHLofficial,1671254824364
77015676,Rebecca Mansour,RAMansour,1671254824366
1573580502,Israel75,IFNY2775,1671254824369
3303293865,Caitlyn Jenner,Caitlyn_Jenner,1671254824371
2835451658,Andy Ng√¥ üè≥Ô∏è‚Äçüåà,MrAndyNgo,1671254824374
985243593538338816,Teslaconomics,Teslaconomics,1671254824376
778623,Jim Hall,jhall,1671254824378
1043185714437992449,Catturd ‚Ñ¢,catturd2,1671254824236
83148331,Ariadna Jacob,littlemissjacob,1671254824255
1495956968640421893,Musk University | Quotes,MuskUniversity,1671254824259
1263491240336769026,Whole Mars Catalog,WholeMarsBlog,1671254824261
1367531,Fox News,FoxNews,1671254823855
61558281,"Brian Feroldi (üß†,üìà)",BrianFeroldi,1671254824264
349249475,Ross Gerber,GerberKawasaki,1671254824275
1187835922118787073,Lavern Spicer üá∫üá∏,lavern_spicer,1671254824266
1210398164878024704,Eliza,elizableu,1671254824269
1374968033265864706,TaraBullÓ®Ä,TaraBull808,1671254824272
987720550251421698,Chrimbo Reviews,Cynical_CJ,1671254824278
289548939,Bari Weiss,bariweiss,1671254824310
1400584788092678144,Honestly with Bari Weiss,thehonestlypod,1671254823878
771152516,Ro Khanna,RoKhanna,1671254823880
96906231,Viva Frei,thevivafrei,1671254824281
2233154425,Stephen King,StephenKing,1671254823892
264361128,Liz Wheeler,Liz_Wheeler,1671254824286
919968511,Andy,andy0___,1671254824288
3257368988,"ü´Éüèºüá∫üá¶üíâHollaria Briden, Esq.",HollyBriden,1671254824293
1475231323480543232,CarDealershipGuy,GuyDealership,1671254824295
18266688,Tom Fitton,TomFitton,1671254824299
1366565625401909249,Wall Street Silver,WallStreetSilv,1671254824301
2398137084,ARK Invest,ARKInvest,1671254823913
1355945100216573952,Sir Doge of the Coin ‚öîÔ∏è,dogeofficialceo,1671254824304
27000730,Tim Pool,Timcast,1671254824307
348844712,Gali,Gfilche,1671254824312
298274977,Jason DeBolt ‚ö°Ô∏è,jasondebolt,1671254824315
592730371,Pillow Time PosoüéÖüèªüéÑ,JackPosobiec,1671254824318
1348000099,Sir Maejor,sirmaejor,1671254824321
63796828,Twitter Verified,verified,1671254823930
1065249714214457345,Spaces,TwitterSpaces,1671254823932
105852422,Not Jerome Powell,alifarhat79,1671254824329
97054224,Avi Yemini,OzraeliAvi,1671254824331
1016059981907386368,Tesla Owners Silicon Valley,teslaownersSV,1671254824336
534023,ALX üá∫üá∏,alx,1671254824339
1133456036,Tweet Binder,TweetBinder,1671254824341
75209239,Jason Kint,jason_kint,1671254824343
1319036828964454402,Community Notes,CommunityNotes,1671254824346
48111864,Alec Stapp,AlecStapp,1671254824351
16106584,Ian Miles Cheong,stillgray,1671254824354
138203134,Alexandria Ocasio-Cortez,AOC,1671254824357
479953114,Conservative Momma,conmomma,1671254824359
49024508,Onion Weigher üßÖ‚öñÔ∏è,onionweigher,1671254824361
1573580502,Israel75,IFNY2775,1671254824369
,,JxckSweeney,
,,ElonJet,
37190937,The Redheaded libertarian,TRHLofficial,1671254824364
77015676,Rebecca Mansour,RAMansour,1671254824366
,,KeithOlbermann,
3303293865,Caitlyn Jenner,Caitlyn_Jenner,1671254824371
15506669,Jeff Bezos,JeffBezos,1671254823976
2835451658,Andy Ng√¥ üè≥Ô∏è‚Äçüåà,MrAndyNgo,1671254824374
1600316691564699649,MuscowpetungRez,MuscowpetungRez,1671254823980
985243593538338816,Teslaconomics,Teslaconomics,1671254824376
44196397,Elon Musk,elonmusk,1671254813826
1957568797,Johnna Crider,JohnnaCrider1,1671254814128
778623,Jim Hall,jhall,1671254824378
19217369,Noam Blum,neontaster,1671254814130
14749070,Chad Hurley,Chad_Hurley,1671254814132
1071585991,Bill Melugin,BillFOXLA,1671254814135
15143478,Richard Dawkins,RichardDawkins,1671254814137
95994080,Luke Rudkowski,Lukewearechange,1671254814140
1427361863830949908,Jay Bhattacharya,DrJBhattacharya,1671254814143
595822244,Larry Ellison,larryellison,1671254814145
18988705,Ella Irwin,ellagirwin,1671254814147
340387261,Gavin Baker,GavinSBaker,1671254814151
1035122024320983040,dearMoon,dearmoonproject,1671254814153
823307478360150018,Robert Iger,RobertIger,1671254814155
162124540,Greg Brockman,gdb,1671254814161
45176933,Richard Garriott,RichardGarriott,1671254814164
1976143068,Emmanuel Macron,EmmanuelMacron,1671254814167
17066733,Drew Baglino,baglino,1671254814170
1188971165424865280,Gwynne Shotwell,Gwynne_Shotwell,1671254814172
55769345,Franz von Holzhausen,woodhaus2,1671254814175
15241557,Reed Hastings,reedhastings,1671254814177
1636590253,Tim Cook,tim_cook,1671254814179
16076032,Glenn Greenwald,ggreenwald,1671254814181
3072160164,John Kraus,johnkrausphotos,1671254814184
17842366,Discovery,Discovery,1671254814186
1592542747726069766,Sandy Munro,teardowntitan,1671254814188
4767021,ùô∫ùöíùöñùöãùöäùöï ùôºùöûùöúùöî ü§†,kimbal,1671254814191
1663172653,Terrible Maps,TerribleMaps,1671254814193
5405152,D.A. Wallach,dawallach,1671254814196
3918111614,Oriol Vinyals,OriolVinyalsML,1671254814198
945817135816654848,Trung Phan,TrungTPhan,1671254814201
4885277053,Daily Stoic,dailystoic,1671254814203
1076061,Keith Coleman üå±üòÄüôå,kcoleman,1671254814205
3840,@jason,Jason,1671254814207
1399766153053061121,Twitter Blue,TwitterBlue,1671254814209
1137701,David Sacks,DavidSacks,1671254814211
2530947115,Max Tegmark,tegmark,1671254814213
783214,Twitter,Twitter,1671254814215
15726728,Eric Berger,SciGuySpace,1671254814218
19562228,Russell Brand,rustyrockets,1671254814220
29472803,NASA Webb Telescope,NASAWebb,1671254814222
72862939,HIRO MIZUNO,hiromichimizuno,1671254814224
34719119,Walter Isaacson,WalterIsaacson,1671254814226
1605,Sam Altman,sama,1671254814229
18989355,Mike Solana,micsolana,1671254814232
300878435,Dilbert,Dilbert_Daily,1671254814235
541882699,Andrea Stroppa üê∫ Claudius Nero's Legion üê∫,andst7,1671254814238
38271276,Matt Taibbi,mtaibbi,1671254814241
11417802,Joe Gebbia,jgebbia,1671254814243
895332160130891776,Neuralink,neuralink,1671254814245
276540738,ùîäùîØùî¶ùî™ùî¢ùî∞,Grimezsz,1671254814247
959471389282578432,Œûva Fox ü¶äClaudius Nero‚Äôs Legion üê∫,EvaFoxU,1671254814250
17663776,Planet,planet,1671254814252
2292565884,PCMR,OfficialPCMR,1671254814256
2993230373,Universal-Sci,universal_sci,1671254814258
1179892477714718721,Science girl,gunsnrosesgirl3,1671254814260
76980293,Moxie Marlinspike,moxie,1671254814262
958324785229934593,ÈªÑÂÖâÂâë,HGJart,1671254814265
1720046887,Ilya Sutskever,ilyasut,1671254814267
2997418453,NASA Europa Clipper,EuropaClipper,1671254814269
4914384040,The Babylon Bee,TheBabylonBee,1671254814272
30699048,Shibetoshi Nakamoto,BillyM2k,1671254814274
177101260,Massimo,Rainmaker1973,1671254814275
1346194631982247943,Inspiration4,inspiration4x,1671254814278
1402156691186241538,CNSA Watcher,CNSAWatcher,1671254814280
3669881952,GiGadgets,gigadgets_,1671254814283
1068831,Slashdot,slashdot,1671254814284
1359595748942372867,Everything Space,totalspace360,1671254814286
822825713615175680,Space Porn,redditSpacePorn,1671254814288
1279551125264445448,Jared Isaacman,rookisaacman,1671254814291
16178922,The Mars Society,TheMarsSociety,1671254814293
2445883045,Dogecoin Developers,dogecoin_devs,1671254814295
2235729541,Dogecoin,dogecoin,1671254814296
33836629,Andrej Karpathy,karpathy,1671254814298
85891683,"NOGUCHI, Soichi ÈáéÂè£„ÄÄËÅ°‰∏ÄÔºà„ÅÆ„Åê„Å°„ÄÄ„Åù„ÅÜ„ÅÑ„Å°Ôºâ",Astro_Soichi,1671254814301
23116280,Popular Mechanics,PopMech,1671254814303
776585502606721024,PyTorch,PyTorch,1671254814304
49310901,Nigel Lockyer,Nigel_Lockyer,1671254814306
1024391197,Victor Glover,AstroVicGlover,1671254814308
1100520274200416256,Tesmanian.com,Tesmanian_com,1671254814311
3346820638,The Architect,machineIearning,1671254814313
410605574,BBC Future,BBC_Future,1671254814315
1201427034754318337,Tesla Asia,Tesla_Asia,1671254814316
81961201,Ashlee Vance,ashleevance,1671254814319
4398626122,OpenAI,OpenAI,1671254814321
175624200,John Carmack,ID_AA_Carmack,1671254814323
1526643050,Scott Alexander,slatestarcodex,1671254814325
12,jack,jack,1671254814327
344538987,Talulah Riley,TalulahRiley,1671254814330
29873662,Marques Brownlee,MKBHD,1671254814331
18208354,Joe Rogan,joerogan,1671254814333
3167257102,Everyday Astronaut,Erdayastronaut,1671254814335
2444425802,MachinePix,MachinePix,1671254814337
21292523,Chris Bergin - NSF,NASASpaceflight,1671254814340
760345658,Brett Winton,wintonARK,1671254814341
2263452746,Tasha Keeney,TashaARK,1671254814343
2907774137,Archillect,archillect,1671254814345
2263437272,Sam Korus,skorusARK,1671254814347
3101588527,Wonder of Science,wonderofscience,1671254814350
905158770107568133,Gen B. Chance Saltzman,SpaceForceCSO,1671254814351
26572460,United States Space Force,SpaceForceDoD,1671254814353
25422302,Liv Boeree,Liv_Boeree,1671254814355
446719282,Shivon Zilis,shivon,1671254814358
19725644,Neil deGrasse Tyson,neiltyson,1671254814360
987978757,WLOP,wlopwangling,1671254814362
150732943,Brian Berger,Brian_J_Berger,1671254814363
2361631088,Cathie Wood,CathieDWood,1671254814365
427089628,Lex Fridman,lexfridman,1671254814368
1091459141397180416,Mars,4thFromOurStar,1671254814370
621573,BBC Science News,BBCScienceNews,1671254814372
851773048973807617,The Stoic Emperor,TheStoicEmperor,1671254814374
20972371,Dan Carlin,HardcoreHistory,1671254814376
22677790,Jon Favreau,Jon_Favreau,1671254814379
137857547,ÂâçÊæ§Âèã‰Ωú@MZDAO,yousuck2020,1671254814381
5943622,Marc Andreessen,pmarca,1671254814383
3429950987,World of Engineering,engineers_feed,1671254814385
7267562,BBC Comedy,bbccomedy,1671254814387
64488804,Ken Levine,levine,1671254814389
1558996520,Niche Gamer,nichegamer,1671254814391
11150432,Tosca Musk,ToscaMusk,1671254814393
14171401,Maye Musk,mayemusk,1671254814395
289476502,Lisa Joy,lisajoynolan,1671254814398
5402612,BBC Breaking News,BBCBreaking,1671254814399
255784266,GeekWire,geekwire,1671254814401
2436389418,SwiftOnSecurity,SwiftOnSecurity,1671254814403
176774540,CGP Grey üêù,cgpgrey,1671254814405
692023,bill lee üêæ,westcoastbill,1671254814408
3511430425,Fermat's Library,fermatslibrary,1671254814410
729468343,Rick and Morty,RickandMorty,1671254814412
19802879,NASA JPL,NASAJPL,1671254814413
1451773004,International Space Station,Space_Station,1671254814416
859816394556284929,The Boring Company,boringcompany,1671254814418
511402689,World and Science,WorldAndScience,1671254814420
1654188770,Hyperloop,Hyperloop,1671254814421
287568380,Medical Xpress,medical_xpress,1671254814424
23504870,South Park,SouthPark,1671254814426
1582853809,History In Pictures,HistoryInPics,1671254814428
2329316496,Rebecca Newberger Goldstein,platobooktour,1671254814430
11348282,NASA,NASA,1671254814432
38430500,DEVELOP,developonline,1671254814435
209811713,The Hacker News,TheHackersNews,1671254814436
2251623492,XKCD Comic,xkcdComic,1671254814438
1282121312,Tim Urban,waitbutwhy,1671254814440
259771124,@arxivblog,arxivblog,1671254814442
316327930,Neuroskeptic üá∫üá¶,Neuro_Skeptic,1671254814444
17248121,Phys.org,physorg_com,1671254814446
1182382878,TeslaRoadTrip,TeslaRoadTrip,1671254814448
16689804,Khan Academy,khanacademy,1671254814450
13298072,Tesla,Tesla,1671254814452
34743251,SpaceX,SpaceX,1671254814455
1603984142093410304,ruviorv,ruviorv1,1671254815126
1603984585750188032,vinny gismontt,GismonttVinny,1671254815139
792322544,ÿπÿßÿØŸÑ ÿßŸÑŸÇŸÑÿßÿØŸä,AdelAlQaladi,1671254815147
1487171622725431305,Joanna‚Å∑,hef_jhay,1671254815155
1603984242664345600,Yanna,ashiannughkim,1671254815164
1589940713684598784,Andre,Andre61713052,1671254815172
1465152796609679363,ÿ™Ÿàÿ™ÿ©üïäüå∏,HayatDawood2,1671254815180
1603984569967038464,Jose,Jose95318676,1671254815189
1603984947915526144,Violet,Violet81243901,1671254815196
1603984814268375040,Cogud,Cogudd,1671254815205
1603984774615519232,Javi,Javi1650231,1671254815216
1584213441463865346,Liladhar Dhuri,DhuriLiladhar,1671254815224
1603984726926262272,Kuchik,Kuchik334,1671254815231
1603983991597682688,mrs. daemon targaryen,mrs_daemon,1671254815243
1603982684824301568,Anant Kamath Iowa,AnantkamathIowa,1671254815251
1603984920845570048,Ÿäÿßÿ≥ÿ± ÿπŸÑŸä,ysrly53541091,1671254815258
1603984966844444672,erydcftvgy,erydcftvgy,1671254815265
1603984737600942081,adi,adi73441520,1671254815272
709758570,Shabeer,shabrauf,1671254815280
1603984911626543104,Mestan Aclan üêáüå≥‚ò∫,mestan_aclan,1671254815288
1603984650577522689,‰ºöËµ∞Ë∑ØÁöÑÈü≠Ëèú,Walking_chives,1671254815295
1603984920581488640,Den,Den58251508,1671254815303
1475184025824370688,Arturo Villafuerte,ckosmo2360,1671254815310
1603984950595710976,–ñ—Ü—Ö–∞–∑—É,chazu19309437,1671254815319
1603984836749922304,procdicneutiti,procdicneutiti1,1671254815326
1603984917343395840,Yazgul Yurul,YazgulYurul,1671254815334
1603984509535662080,y mcl,ilvoeyou_fuck,1671254815341
1603984645133066240,Linda Kairichi,LindaKairichi,1671254815349
1603981132072206336,IKONIK . Exe,exe_ikonik,1671254815357
1189597137086111746,Inamoravel üíô,Mk_maikin,1671254815364
1377748033920761857,jacobmecchi,jacobmecchi,1671254815372
1516758321088561156,„Ç≥„Éº„ÇØ„Ç§„É≥Ôº†„Éï„Ç©„É≠„Éê100,0FGOzCBzo2FdBPN,1671254815380
1486691908751613954,Anonymous Writerüòä‚ù§Ô∏è,anonymous212004,1671254815388
1603983921892708352,„Åæ„Çã„Åó„Å∞Êù±‰∫¨(‰ªÆ),marishiba_tokyo,1671254815395
1572160082888065024,arash,arash5600,1671254815402
1603984119553314816,hendrix,theehendrix01,1671254815409
1603954446362324992,Vyshnavi Chava,VyshnaviChava,1671254815417
1603984349778567168,ARYA FAERUL,arya_faerul,1671254815425
1603984740712939522,Breyner Silva aranda,ArandaBreyner,1671254815432
1603984652917624832,jason,jason13832594,1671254815439
453052163,Atilla G√úND√úZALP,AtillaGNDZALP,1671254815447
1138010446592499712,Philip Lim,PhilipL15373409,1671254815456
1603983459571175426,Pharmacophore,Pharmacophore1,1671254815463
1603984725240156160,Jack Bloomfield,JackBlo00831030,1671254815471
866193069212921857,„Å≠„Åì„ÇÅ„ÇìüêØ,nekomemma,1671254815479
1603611810850279424,Cristina Farrell,Cristin65097673,1671254815487
1603984629349769217,lonelyloser,lonelyl18197896,1671254815495
1588383564428517376,Deepak Yadav,PunitYa92529512,1671254815502
1603982023735279616,Shubham Singh,Shubham_Sp_2969,1671254815509
1603984760048652289,Ascend Galaxy Ascend Galaxy,GalaxyAscend,1671254815517
822988860678344704,BOLADE JAMES,BOLADEJAMES6,1671254815525
1603984866155982853,Âèë‰∏™,fg32256793,1671254815532
1603984543572279299,Greg Bumkin,GBumkin,1671254815539
1603980148365152256,Ashish Dhruw,AshishD39404991,1671254815546
1603984744106295296,Mauzes,Mauzes1,1671254815554
1603984809021550592,h,h91942367,1671254815562
1603005109050417153,patorap,patorapofficial,1671254815570
1603757053998424064,Joshuah,Joshuah729614,1671254815577
1596365171089616896,tram son cao,tramsoncao1,1671254815585
1603984462618169344,jack,jack82040559,1671254815593
1603984790335758336,ian martinez,ianmart22455387,1671254815600
1603984233265254400,Wong lie kah,Wonglikah99,1671254815607
777388017782751232,Christopher Shaun,shaun_928,1671254815615
115913560,CHOSEONGWOO,seongwoo0930,1671254815622
1603982617984077825,joe furbee,j_furbee,1671254815630
1603882158476726273,Antoni Bojorquez,Antoni_789,1671254815638
1529546829142052867,somi khanjani,KhanjaniSomi,1671254815645
1185929167012945920,Md Helal,Mdhelal92643895,1671254815652
1589185260960350208,Chanwit Wongman,tuachanwit,1671254815660
1546000928016404480,Young Aqua,YoungAqua3,1671254815667
1273560073130950657,Maycon,LittleMayck,1671254815675
1603984650736730112,–ö–æ—Ä–∞,Kora73704774,1671254815682
1603983969456128000,Vikas gharti official,Vikasghartioff1,1671254815690
1413899974832623617,Èü≥,mikenuko_2210,1671254815698
1603984782651981825,jess howie.11,11Howie,1671254815706
780574476643602432,HBC,HBC1360,1671254815713
4218346281,„Çø„Éü„Éï„É´„Éû„Éã„Ç¢üèÜ,tamiflumania,1671254815720
1522264673093099520,Dan Pen,wheelchairvet,1671254815727
1441876270900412416,‡∏ó‡∏®‡∏û‡∏• ‡∏û‡∏á‡∏©‡πå‡πÑ‡∏û‡∏ë‡∏π‡∏£‡∏¢‡πå,hVGFJ7hDSl1rniw,1671254815735
1603984515956764672,Chengchangfan,Chengchangfan0,1671254815743
1603984076498644993,Md Noyon,MdNoyon12869795,1671254815750
1525207234720022528,Henry Amuchie,HenryAmuchie,1671254815758
1603984459384385536,nghƒ©a,gahabidid,1671254815766
1603982088868438017,D.Z. Alfonso,DIG_137,1671254815773
993598421909913600,Joe Garrubba,joegarrubba,1671254815780
1603984087110373376,ZeroTwo 002,zerotwoeihh,1671254815788
1596198410763264000,LJM ESG,EsgLjm,1671254815795
1603983973939544064,Murillo cordeiro Barros,Murillocordei16,1671254815804
1603984694319714304,Jes√∫s,Jess42381511,1671254815811
1603984384205676544,Ankit Dey,An___kit__,1671254815822
1603983728795357184,Gourav sonwane,Gouravsonwane44,1671254815829
1603982630852116487,kamrul islam,kamruli45037123,1671254815837
1114760301138681857,Rincewind,LittlePoodle3,1671254815845
1603984307189841920,Mayank gosai,gosaimayank62,1671254815852
1603983224568430592,AhmedRehman1997,EngrRehman1997,1671254815860
1517031640044019714,Sallycjjeff09,sallycjjeff09,1671254815867
1603984790381797378,Feyyaz Duygulu ü§©üëãüê∂,DuyguluFeyyaz,1671254815875
1603984185177346049,Nara Victoria,Anonima679,1671254815883
1603984368036450307,Muhammad Aazan Faruqi,faruqi_aazan,1671254815890
1486170271816220673,Ê¢ÅÈÄ∏Ë±™,liangyihao4,1671254815897
1556498001341718528,Dylan,DylanRayburn7,1671254815904
1603983298203508737,Kaushal Vasani,KaushalVasani2,1671254815913
1533708052058484736,Malookan Manka,MalookanM,1671254815920
1603984716910428161,Thanh,Thanhtran2892,1671254815927
1603984271991078914,Jean Yves Luu,luu_yves,1671254815935
1603984459245801475,Jesus isaias Parrales arauz,ParralesArauz,1671254815942
1603984711579496449,divinit√† de maria,DivinitaM,1671254815950
1603984672844808192,–ò–≤–æ–Ω–∞,Ivona78202195,1671254815957
1603984663562919937,Maidelys Gonzalez,MaidelysGonzal6,1671254815964
1603984655174307840,–£—Å—Ç–∏–Ω–∞,Ustina94727913,1671254815971
1603776996672425985,Ïú†Ï£ºÏõê,anjonghuyn,1671254815980
1603984220707340288,Romaan Malik,romaanm796,1671254815987
2813325348,mj matters,miles4kids,1671254815994
1365723705482104832,Racheal Peterz,Rachealmichea17,1671254816001
1603983816833478657,ANKITA MEENA,ANKITAM90119094,1671254816008
1596248957436452865,daddys home,itsdaddy2uu,1671254816017
3234835465,ikka,ikkatu0enn,1671254816024
1603984781082955777,jesika,jesika82850488,1671254816032
1603984534260834305,Jonas Ribeiro,pedRi46818145,1671254816039
1603983616593330178,Gabriel C√°rdenas,cardecock,1671254816047
1598045086717251592,Pabst Tilo,TiloP51,1671254816055
1603984160690880515,Luis R R,LuisRR04052085,1671254816062
1603984293939843072,Rebecca Park,Rebecca44546663,1671254816069
1603984464170078209,Satwik M G,SatwikMG2,1671254816076
1603984392656781313,Suwayne How,HowSuwayne,1671254816085
1551172625929424896,AKAASH,AKAASH92683861,1671254816092
1603984645543976965,iam Anantha,iamAnantha2,1671254816099
1603984351049433088,qwerty,qwertyJson,1671254816107
1603983713477369856,Fred,Fred50333266,1671254816114
1603984300851965964,Saiganeshchowdary Thotakura,Saiganeshchow15,1671254816122
1603311088023621632,Sam Tah,SamTah42550101,1671254816129
1603984321353768960,Aimee Winter,AimeezsWinter,1671254816137
1603984347496955906,Geoffrey John,Geoffre46604281,1671254816144
1603984713856663552,tfyjtrht,tfyjtrht,1671254816151
1603980253348515840,Devang Singh,devang_s1ngh,1671254816160
1603981277845245955,Bbaale James,BbaaleJames2,1671254816167
1603984642838773760,John Cena,cena39942,1671254816174
1603984297609859072,Lori Ward,LoriWar06003376,1671254816182
1603984545149177856,Taylor164808,taylor164808,1671254816190
1603983481389948928,Young Mercus,youngmercus3,1671254816197
1603983712588222464,Trinidad Lara,Trinida70436662,1671254816205
1603984628141826048,Aslan,Aslan15842649,1671254816212
1591016653080481793,Singangankosi Nkosi,singangankosi,1671254816219
1603984475611881474,DIEGO VLAZQUEZ,diegodm2145,1671254816228
1603984394896773120,Roman Enrique Inope Fern√°ndez,Roman05bb,1671254816235
1603984047562035200,zala_bapu_official_,vanrajsinh2414,1671254816242
1458271086345441284,Andy Shook üá∞üáµ,AdolfBiden1,1671254816250
1603984596617641984,–ê—É—Ä–µ–ª–∏—è,Aureli17825869,1671254816258
1603982068584792066,Brody Chups,BrodyChups,1671254816266
1603984602825359360,Rivas Idalia,ym5gywIWasNx9,1671254816273
1603984607803645952,Devi Stha,DeviStha8,1671254816280
1603984524928774144,John Thangjam,john_thangjam,1671254816288
1603980124751335424,justin little,justinl52465121,1671254816296
1603984580482109442,–¢–µ—Ä–µ–∑–∞,Tereza77799529,1671254816303
1603984518620356608,ËêßÁÇé,xioyn44404417,1671254816311
1561510343058358272,ÂÆ∏Ê¨£0o0,fffyyzzo,1671254816318
1593546290750701570,NFM,NFMotor,1671254816325
1603984619640016896,Jettie Willenborg,JettieWillenbo1,1671254816334
1603936868029984768,Viviana Brand√£o de Paula,VivianaBrandao1,1671254816341
1603983938644348933,Rishi Phone,Rishi_240307,1671254816348
1603984714745974789,Julissa Chalas,chalas_julissa,1671254816355
1603984578854658050,Jackson Vile,fadenderr,1671254816363
119454752,Melvette Hill,Mel_Vette,1671254816371
1603984608776912899,mari,mari38107370,1671254816378
1073498552410755072,Charvin,Charvin79318392,1671254816386
1535292733820223488,Mahvish Asar,MahvishAsar,1671254816394
374426961,–°–µ—Ä–≥–µ–π –ö—Ä–∏–≤–æ—à–µ—è,Sergey_1980,1671254816406
1603984725185818624,b√†n gh·∫ø ƒë√° s√¢n v∆∞·ªùn,banghedasanvuon,1671254816419
1603984653228072960,Adviye Tahurla,ATahurla,1671254816427
1603984581425860608,–ö–ª–∞—Ä–∞,Klara25104550,1671254816435
1603984247806898176,mohnish reddy,MutantBladeX9,1671254816442
1387577829194412036,moe,moe44172511,1671254816450
1603981286539935745,Labrasdor,Labrasdor11,1671254816458
1603984337417953281,–†—É—Å–ª–∞–Ω –¢—É—Ä–∞—Å–æ–≤,TurasovR,1671254816466
1479316326812307457,ùêäùêÄùêÅùêàùêë,KabiiRKhan111,1671254816474
1603984188562096130,–î–∏–º–∞ –ì—É–º–µ–Ω—é–∫,DimaGumenk3,1671254816483
1603984298490707968,Nasty mayne,MayneNasty,1671254816490
1603984674266791936,Beytul Tufekli,BeytulTufekli,1671254816498
1565404410955587584,Raja Kanwal,RajaKanwal11,1671254816506
1583541588814430224,Yohan Boucher D√©ziel,BCockail69,1671254816513
1603976989446402048,Ferry koto,koto_ferry,1671254816522
1603984601214509056,Penis Eater,Ea68157123Eater,1671254816529
1603982279679713280,Luis Fontanez,Blameitonl0u,1671254816536
1557684765498560516,LDX,ldngxn1,1671254816544
1603983205870321664,Sara,Saratmiii,1671254816551
1603983958970187776,Jeff Gardner,99Benfrank,1671254816559
3708920472,nicenastyüìç,bretaughtyoux2,1671254816566
1337410473176657920,„Ç™„É¨„É≥„Ç∏ÊãÖÂΩì,0loOtKhYAEAkvkk,1671254816574
1603984665626411008,Amelia Jackson,AmeliaJ54912248,1671254816582
1603984035294113792,Steve Dalrymple,LunarDepths66,1671254816590
1603984248603643908,Ana Vasea,VaseaAna,1671254816597
1603984637226885121,Shawanna Oaxaca üòòü§öü¶ä,oaxaca_shawanna,1671254816604
1603984323320852480,Aathrav,Aathrav6,1671254816611
1469893917394931719,landon mccoy,landon_jm13,1671254816619
1603984663520878592,Braydon Shuttlesworth,BraydonShuttle1,1671254816627
1603983846055104512,ÈæçÂá∞,longhuang888,1671254816635
1600320543764275201,jirge,jorge48889472,1671254816643
1589690154444283912,APM direct couriers Ltd,DirectApm,1671254816650
1603984034807398400,Matt Johnson,MattJoh11561277,1671254816658
1603983204490387457,Shahriar Ravid,shahriar_ravid,1671254816667
1603983992914644992,Lana Gabbert,LanaGabbert10,1671254816675
1603984534038609920,–≠–ª–µ–æ–Ω–æ—Ä–∞,leonora98508239,1671254816683
1603984527495512065,Epic Yannis,EpicYannis,1671254816691
1603984494343737345,–¢–∞–ª–∞,Tala04204006,1671254816699
1106580497688342528,Two-times services,wantumbafed,1671254816707
1594279524576899072,ËúóÁâõ‰∏∏Â≠ê,wniwnzi1,1671254816714
2388627026,Jens Fjellheim,JensFjellheim,1671254816722
1603984416954621952,Sergio Pedraza,SergioP99095580,1671254816730
294116959,sweetcoffee,saebasama_89,1671254816738
1501440820775460864,Ensemble pour les libert√©s Grand Est,epl_est,1671254816746
1085109348991451136,Goosh,gael_vallin,1671254816754
1603984183671640064,josue moreno,josue2722M,1671254816761
1575269242861244418,Duhan,Duhan366542091,1671254816770
1505308973016227842,ZHIIF,ZHIIF2,1671254816777
1582104409290440722,hassan ghelichkhani,hassanghk1990,1671254816784
1603984295517126659,AmigatosMizo,AmigatosMizo,1671254816792
1603984339095658496,thomas ayers-dwyer thomas ayers-dwyer,AyersDwyer,1671254816799
1603983387798241282,Shafka Shafka,SHAFKA00,1671254816808
1603984536777342976,Sam,Sam63384331,1671254816815
1603984243561988096,Lucky Yebs,LuckyYebs,1671254816822
1599641646731526144,BjÊ∞¥Êú®s,TerriBa27866350,1671254816830
1529111717497565184,D walt,Dwalt00257856,1671254816837
1603984586635358208,–õ–∞–π–∫,Lajk30782167,1671254816845
1516932195453386754,Kiem Nguyenn van,VankiemN,1671254816852
724621917093826560,Sirleleko21,sirleleko21,1671254816859
1603984579517632512,hgdfhghre,hgdfhghre,1671254816867
1603984420381286400,Mehpare,Mehpare68114133,1671254816875
1603983646691856384,Shafayet Chy,Shafayet_Chy_07,1671254816882
1603982667892113414,Fist,Fist199591,1671254816890
1603984339150200832,Theonemonster,Theonemonster1,1671254816897
1394935098189832198,harjit chahal,harjitc63433818,1671254816905
1603983895543762944,ÈòøÂ∑¥ÈòøÂ∑¥,hl994692,1671254816913
1603983209276280832,ÂãùÊ≤ª ‰∏≠Â∂ã,sakuranbo0791,1671254816920
747693703679066112,Gaurav Sharma,GauravS06012039,1671254816928
1603983282776862720,Lenny Lerman,LermanLenny,1671254816936
1603977963929993218,Nursed,Nursed10288452,1671254816944
1603981708063567872,Mahesh Patel,MaheshP35965666,1671254816952
1603984067300663296,Cl√°udio Olmedo,CludioOlmedo,1671254816959
1603984617865871361,DMmeanything,mmeanything,1671254816967
4861916542,Durval South,durval_south,1671254816977
2960597759,Ewilerdo,ewilerdo,1671254816985
1603984370376884229,Mendel Ouazanan,MendelOuazanan,1671254816993
1603741240654270464,Ilija Trifunovic,IlijaTrifunovi4,1671254817000
1603983607059693568,PAVAN VERMA,__maggi____,1671254817008
1603983717562974208,Abhishek Sharma,Abhishek8882844,1671254817019
1603980287041540096,Bilisuma Guta,GutaBilisuma,1671254817029
1603984369441542145,Alexander Senior,AlexanderSeni11,1671254817037
575864829,Neault Philippe,NeaultP,1671254817045
1408261889306550279,Elian Bri√±ez,ElianBriez1,1671254817052
1602702942133420036,Erick Rom√°n,ErickRo96874203,1671254817061
1603984303020716034,√Çu H·ªìng,uHng67265578,1671254817068
1379758682087428097,Ysoserious,ysoseriousssly,1671254817076
884478335446863873,The √ñtzi,ozkan_topac,1671254817083
1603984243914309632,ManGuy,ManGuy242565,1671254817091
1573322091641774080,Desember win $1000 ü§≤ üåø || Freetag,Desember_1892,1671254817100
1603984412508815360,Êµ¶ÁÅµÊòä,plngho1,1671254817107
166348148,Kevin Jefferson,revktj,1671254817115
1603983528160628736,Tine Deneys,TineDeneys,1671254817123
1603984444678889474,Rozan N,RozanN95604085,1671254817131
1603983278976823298,Elizabeth Spence,LizSpence378,1671254817139
1603984376617996288,–ì–∞–±—Ä–∏—ç–ª–ª–∞,Gabrill03801912,1671254817147
1603984553256927234,AlmiraChaerunnisa,AlmiraChaerunn2,1671254817155
1603984154554957825,SarYar Gyi,SarYarGy,1671254817162
1603984285832056832,Alvin Alvin,Harryp77777,1671254817173
1534930827078926342,Adv Mahar Ikhlaq Ahmed,IkhlaqAhmed07,1671254817180
1603984216831578113,Kailash Sharma,Kailash43357457,1671254817188
1500489029971808256,Davekingzy,Davekingzy_,1671254817196
1603982885928800256,Muhammad Asim,Muhamma06415405,1671254817204
1603984152138612736,nguyen hieu,nguyenh40819673,1671254817211
1396352189853958144,‡∏ò‡∏±‡∏ç‡∏ç‡∏≤,tQkio9iGJKbtJtU,1671254817219
1518487045,Chri Smart,crsmtl,1671254817227
1412597011270881280,Trinity,Trinity31120845,1671254817234
2756006401,Chinois Achebe,colormewisely,1671254817242
1603957765881348096,MSNBC Reporter,MSNBCLife,1671254817250
1496552473225359360,Francisco,Blox56878560,1671254817257
1603982948881076224,Peter Conlon,Petec1964,1671254817265
1603984379205779456,–î–µ–±–æ—Ä–∞,Debora97560411,1671254817273
1603982934913912833,ÂëÜÂëÜ,DXY1314520,1671254817281
1560224973515821056,kumiko,AriezDizon,1671254817289
1603984189770108930,Sebastian Ortega,Sebasti99259681,1671254817296
1603984480833765376,Adonai Udodor,AUdodor,1671254817304
1603982967797616640,PTHWS-,PTHWS4,1671254817312
1603984237073506306,Precious Burden,burden_precious,1671254817319
1603984494691770368,Allen Nick,AllenNi87812016,1671254817327
1603984337547968513,–ë–µ—Ä—Ç–∞,Berta79837447,1671254817334
1594920586765025281,Cat Fraise,KunziBull,1671254817342
1603526208594903041,Brian Hanson,BrianHa05349445,1671254817350
1603980617187790850,Alejandro Estrada,Alexzstrada,1671254817358
557577821,DENISE H√âLIO CESAR üíª,dedahcs,1671254817365
1603984213274808321,dasd asd,packed69669,1671254817372
1444516535855321093,Shaik Reyaz,shaikreyaz95,1671254817380
1603984183126376448,P22,P2225628660,1671254817388
1603984305130283009,–í–∞–ª–µ–Ω—Ç–∏–Ω–∞,Valenti35081621,1671254817395
1603984390459113473,co,CoCo99460529,1671254817403
1603984405990612992,Pelinsu,Pelinsu77605943,1671254817410
1252436798677979144,bLACk_kAMEn,bLACk_kAMEn00,1671254817418
1603984319571267584,Chris,Chris81015315,1671254817425
1603984267498831873,Simon145169,simon145169,1671254817433
1497921402141233156,mcTakeit,21WeeksTaken,1671254817440
1603984272355794944,Stan_Line_1,StanLine02,1671254817447
1463511813455335433,„Äé„ÄèÔΩ°EddieÔΩ°„Äé„Äè,edxxyyzz,1671254817456
1540897010177286144,‚òæ,ksjviIf,1671254817463
73510384,xeVi,xevipb,1671254817471
1603983626403581952,Ravindra Blue star enterprises,bluesarravi,1671254817478
1603983788345856000,logan shitcan,L_Shitcan,1671254817486
1603983851138580485,anuchitachitpon koungthip,anuchitachitpon,1671254817494
1603984285677092864,Verne Warner,VerneWarner3,1671254817502
1603983426045890560,Shinoj kn,shinoj_kn,1671254817509
1588776544549621760,Follower,Followe12628061,1671254817516
1603983673551880192,Maz Maz,mazmaz3112,1671254817525
1603984302160633857,–ö–ª–µ–Ω–∞,Klena92746044,1671254817532
1603983943539298311,mileii,Mileii7Mileii,1671254817539
1603982941939535872,Ken Guzman,KenGuzm15090005,1671254817547
1603983560653668357,WraTh 3o2,Wrath3o2,1671254817554
208221645,Tony Azevedo,WaterPoloTony,1671254817562
1603984287933554689,Jim976677,jim976677,1671254817570
1603984210582282243,Juan,Juan29332199,1671254817577
1581926458939027456,Jono 283,jono_283,1671254817585
1603982373648998400,cathy reger,derockreger33,1671254817593
1603984315250905088,Em Nguyen,emvtnguyen0133,1671254817600
2985184698,Nazir,nazmilan92,1671254817607
1603983813880778753,Powell Powers,PowellPowers,1671254817615
941501389980819456,yeetyeet,fckngkllm,1671254817625
256360452,Kurt Kitson,vanjingkk,1671254817633
316382707,ŸÅÿ§ÿßÿØ ÿπÿ®ÿØÿßŸÑÿ±ÿ≠ŸÖŸÜ,Fouadwska,1671254817641
1603982817091899392,sina,3inaZ2f,1671254817648
1530599624481943554,Darrell Brown,Darrell102559,1671254817656
1603978334953738241,Omi Yadav,OmiYada95712137,1671254817664
1603984348377939968,dummyad,dummyad,1671254817672
1603984289825185794,–†–∏–º–º–∞,Rimma25424623,1671254817680
753263965145268224,michael,michael20162015,1671254817687
1400242429085642752,ÂÜ¨Êπñ,kokode_nominayo,1671254817694
1603984366958518274,Ozgecan Aytuc,AytucOzgecan,1671254817702
1603983807299960833,Guillermo Hernandez,Guiller70270370,1671254817710
1385950931984936970,Ëà¨Ëã•Ëè†ËêùËúú,qpmPLqLFXgCgel7,1671254817718
1603984316698091522,Jack Walk!,JackWalk_,1671254817725
1603983388091768833,murad,mkerimov648,1671254817732
1603983865714036746,Raheem Imtiaz,raheem_imtiaz5,1671254817741
1603983238459973635,Gio,Gio_05_K,1671254817748
1603984079698989057,tasos kardaras,holat235,1671254817755
1468914073467166722,Varun Prajapati,VarunPr67562134,1671254817763
1603977142756319238,Paula R,PaulaR47872629,1671254817771
1603984285278654466,–ü—Ä–∞—Å–∫–æ–≤—å—è,Praskov25432136,1671254817779
1655513586,ayoub essahibi,ayoubessahibi,1671254817786
1603984165363490818,Ar R,ArR90197986,1671254817794
1599095690952589313,Geovanni Escalante,GeovanniEscal12,1671254817801
1446125249712455692,Â•öÊúõ „Ç∑„Éº„ÉØ„É≥,XIWANG_KEIBOU,1671254817808
1603983836765126656,Altaieggo7114,altaireggo7114,1671254817817
232117097,BlaxkassWormüñ§,Worm_toocool,1671254817825
1603984366723629056,Mansur Il√§¬±cal√§¬± ‚úçüêÜüê∑,ila_cala,1671254817832
3247571360,Cyrus Palileo,CyrusPalileo,1671254817839
1603984163878883333,Love You,LoveYou27145948,1671254817848
1603983521701298177,Tom Cruise,TomCrui07772006,1671254817855
1601192136669597696,3012 PRIYARANJAN B,priyaranjan_b,1671254817863
1603984190839595008,Agnes962646,agnes962646,1671254817870
1603984242903584768,Enzo Gabriel,EnzoGab24944992,1671254817878
1505162343524847619,Sebastian Rojas Chavez,Sebasti61416233,1671254817886
1575514750322081793,Liaquat Ali,LiaquatAli82,1671254817894
1603983256667717633,jack angel,mrangeljack,1671254817901
1317463898119761921,Milk tea,milk_premium,1671254817909
1603982447074594821,Fernanda Pi√±ero,pinerofernanda2,1671254817917
1603984025563140096,Sanman,Sanman18306373,1671254817925
1603984314773000192,mmmjjbb,mmmjjbb1,1671254817932
1272531092252344322,üáÆüá∑üáÆüá∑ÿ≥ÿ±ÿ®ÿßÿ≤ ÿµŸÅÿ±üáÆüá∑üáÆüá∑,mostafa54117149,1671254817940
1603983913432616960,Gans Boy,GansBoy099,1671254817947
1603981037884907522,Paul Resendiz,Rocket452019,1671254817956
1603982803351195649,dswd,dswdbzd,1671254817963
1603984126776070144,Mr .X,MrX87081656,1671254817970
1603982522098008065,pedro domingos,pedro_domingos9,1671254817978
1603984226013118464,–ë–µ–Ω–µ–¥–∏–∫—Ç–∞,Benedik92815158,1671254817986
1603984342249721856,Kopral Jono,KopralJ44068753,1671254817994
1603833537932689435,Valentine Meshack,ValentineMesha1,1671254818001
1603984203128967169,–í–∞—Å–∏–ª–∏—Å–∞,Vasilis52011585,1671254818009
1603984123760152576,chris schwaemmle,SchwaemmleChris,1671254818017
1557733161328488455,‡∏™‡∏±‡∏°‡∏°‡∏≤‡∏ó‡∏¥‡∏è‡∏ê‡∏¥‡∏û‡∏• ‡∏™‡∏°‡∏≤‡∏ô‡∏°‡∏¥‡∏ï‡∏£,SammaSman,1671254818025
980223365104332801,ùìúùì™ùìªùì≤ùì¨ùì™,pigmarica,1671254818033
1603984199660277761,Nacho,Nacho76033863,1671254818040
1572783602383069185,Augustine,Augusti12138,1671254818047
1603984021016436736,Charles Law,Charles13150911,1671254818056
717113701,Andrew Stinson,stinson015,1671254818064
1603982981026152451,–∫–∏—Ä–∏–ª–ª–∏,kirilli33,1671254818072
1603983945191682048,Sudip Dutta,SudipDu48911013,1671254818079
1603983972811345921,Pablito RA,PablitoRA1,1671254818087
1603984151711023105,alkalinity,alkalin23972106,1671254818095
1603791345650438145,Austinm42029,austinm42029,1671254818103
4910880173,Ewen,ewenmweller,1671254818111
1484237560415195139,Mack,zhaozhengchuan1,1671254818119
1603981293901221890,ÿßŸÖŸäÿ±ÿ© ŸÖÿÆÿ™ÿßÿ±,amyrah_mkhtar,1671254818126
1603983002333511680,nuunaa,nuunaaaa,1671254818135
1603984200306429952,Tratienluon,tratienluon,1671254818143
1603981986976399361,Abhishek,Imreal_Abhi,1671254818151
1603984167032696833,Ralap Attlee,RalapAttlee3,1671254818158
814707055714070528,C√©zannist‚ÄîAgainst the War,YoungerHegelian,1671254818167
1578636564112248832,Mr Talib Hussain,MrTalibHussain6,1671254818175
1132722360463908864,wade huckaby,WadeHuckaby,1671254818182
1603983664559566848,zxj123456,zxj1234563,1671254818190
1166233946977447937,margueriteart,margueriteart1,1671254818198
1603984206350131202,–£–ª—å—è–Ω–∞,Ulna13951622,1671254818206
3276990192,UTBA,mel_jackiela,1671254818214
1603984202353065985,agha,agha17347954,1671254818223
1269502394762539008,AgustoMaxim,AgustoMaxim,1671254818231
1603982953557680128,meysam rizevandi,RizevandiMeysam,1671254818239
1603983675053543426,Anthony Villasenor,ogpimpwaffle,1671254818247
1603983952829505536,Juddyhen,juddyhenK,1671254818255
1603984131754450946,Mortimer Norris,MortimerNorris6,1671254818262
1603984291595264000,Deanna Moen,moen_deanna,1671254818269
1603983888367456256,Brandi Archie,BrandiArchie17,1671254818278
1603984081716359168,Shay Protator,ShayProtator,1671254818285
257573139,Chase Collier,ChaseCollier_,1671254818293
904427897938731009,Sean Kinsella,SeanKinsella216,1671254818300
1603984191200305155,Tamos,ThiagTamos,1671254818308
73462711,EmmaGirl,tashabagel,1671254818316
2949210077,Jos√© Ignacio Flores,nacho_flores44,1671254818324
1603984158237286401,–ö–ª–µ–Ω–∞,Klena40434977,1671254818331
191651565,LUIS H.,lhernan65,1671254818339
1603984290261348353,fu li,fuli75745753,1671254818347
1603984042172588034,Vinny,Vinny241713142,1671254818355
1602327679918919686,Nelson Ndiwa,NelsonNdiwa4,1671254818363
1297956040361869318,@bettercallcoolman,ThomasKuhlmann7,1671254818371
1603984088565960704,Nelav,Nelav45291732,1671254818378
1603984271470866433,Fkthisappp,fkthisappp,1671254818387
1252631648862121986,CounselorTucker,CounselorTuck,1671254818394
785669843915767808,Ssozi Simon,Ssozisimon1,1671254818401
1584156112521240580,Amevv Desai,Avvidee,1671254818409
1603702783592611841,Alexandre,Cheta_pintor37,1671254818416
1603983573203136512,5,szydkH2lcCoF3Qt,1671254818425
1603984254559551488,alt ll4lO5lO3lO4ll6,ll4lo5lo3lo4ll6,1671254818432
849670714437361664,Kathleen pierce,Kathlee24919099,1671254818440
1603982395723485184,Kirti Badiwal,KirtiBadiwal,1671254818447
1603983577942827009,fetiche xxx,Fetisxxx,1671254818455
1593814798227087360,Arthur gustavo,Arthurg20924165,1671254818463
1603984098317434880,Xadura,Xadura7,1671254818470
1603983190154158080,Luiz,Luiii2020,1671254818478
1603984016809594880,Lucky Yu,LuckyYu07,1671254818486
1603983383499280385,Ujjwal Chawda,chawda_ujjwal,1671254818494
1603984185944834048,Muberra Bilgiha,MBilgiha,1671254818502
1603981626408636416,–ë–∏–≥ –ë–æ—Å—Å,braveboss23,1671254818509
1603982848397938688,Kornnika Dokchan,DokchanKornnika,1671254818517
1487022495181901825,Â§ßÈìÅÈî§,datiechui6,1671254818524
2850744688,üçÄH4nfAktIvI$tüçÄ,H4nfAktIvIst,1671254818532
1603984216978386944,Jasper Boreham,JasperBoreham5,1671254818540
1603982954404904961,Ram√≥n Ignacio Arellano Mares,arellano_mares,1671254818547
1603983074684858368,Chance Rosa,ChanceRosaa,1671254818555
1564704311220834308,üßä€åÿÆ ŸÖ⁄©ÿπÿ®‚ùÑ,cubeice_0,1671254818563
1603984038229942274,–ê–Ω—è –°–º–æ–ª—è–∫–æ–≤–∞,ASmolakova,1671254818571
1603984116407492608,Bobthebaron,Bobthebaron2,1671254818578
1603984088020443136,Bambi,Bambi90473059,1671254818586
1402334028657664000,The 3 Eyed ü¶Ö,3eyed_eagle,1671254818594
16311917,Jaak,jaakennuste,1671254818602
1499622864839925763,Lucas Lumertz,LucasLumertz10,1671254818610
1372565375976673283,Paul Stanley,PaulSta63660548,1671254818617
530983986,CJ Moore,B0RING_CJ,1671254818625
1603984194849603585,goldacc,goldacc16,1671254818632
1252630834382807043,samarth shelke,shelke_samarth,1671254818640
1602619286,Paul Camasto,paulcamasto,1671254818648
1603984120295690240,flatearthresearch34,flatearthresea1,1671254818655
900530032182833152,„ÇÜ„ÅÜ„Å°„ÇáÈäÄË°å,Kyapoooooooo,1671254818663
1601685615149338624,Paras Rajput,ParasRa80151808,1671254818671
1094159770334973953,Deejay Zac,zac_deejay,1671254818678
1011359347,masashi,vividly9,1671254818686
1593173370471960577,sexito,sexito52622962,1671254818693
1603983591779684353,Ariana Navarrete,ArianaN76905101,1671254818701
2753813007,lawer dennis ,dennis_lawer,1671254818709
305296308,Jerry Snyder,scubaJES79,1671254818717
1603983958236024833,Carmela,Carmela82998248,1671254818725
1603984024250335232,itsGN,itsGN10,1671254818732
1566571256492822528,Jackson Glide,glide_jackson,1671254818740
1421681255184224257,Caleb Gladden,CalebGladden1,1671254818748
1509538918634455044,Lucasss0731,lucasss0731,1671254818756
1603982237501984768,Rob,Rob01073160,1671254818764
1603982926743588867,Revieweurs,werevieweurs,1671254818771
1603983684805214213,Jean finato,FinatoJean,1671254818780
177948418,Nthuloane,darktrade_auth,1671254818788
1603984016599928832,Oliver M Gutierrez Robinson,5895ehh,1671254818795
1603983757102366721,ROSALIA,xrosaliiia,1671254818802
4209249569,motazalshaar,AlshaarMotaz,1671254818812
1603983992952610816,Th·ª©c„ÉÉ 43.Nguy·ªÖn Ch√≠,Thuc43,1671254818820
1603984102507663361,Mer,Mer26442219,1671254818828
1603983954607890435,ÌïëÍ∑Ñ,Zmmzzkso,1671254818836
1603983902720368640,–ê–ª–∏—Å–∞ –ú–∞–∫—Å–∏–º–æ–≤–Ω–∞,drat2959,1671254818843
1603984133809733633,Sunaraylin Memmedoveliyeva,SunaraylinM,1671254818851
1584204244286046208,punipuni,PuNiPuNiPPPPPP,1671254818859
1603984015878406145,Esvin Palacios,EsvinPalacios2,1671254818867
1603980074587258881,Anne Farrow,FarrowANNE777,1671254818875
1603983925159788545,bersek,bersek14337290,1671254818882
1603983049967878144,Ecotopia,choosecotopia,1671254818890
1603983683601387520,Aye chan myat Phyo,Ayechan67352964,1671254818898
1603983563585515520,‰∏ñ‰Ω≥ Ê±§,TM19901989,1671254818906
746482703411732480,Chris Randall,ChrisRa71026459,1671254818913
1603983275059470336,Helen Getu,HelenGetu3,1671254818921
1603342620989661184,Pradip GC,Axolot00,1671254818929
1600342422747127810,Don,CaptReedUSMC,1671254818937
1371376820847845382,Palmer Gold,BennyGold97,1671254818940
4879200749,Openmind,Maknyus_Bro,1671254818947
1603983934362206209,Matyos Kahsay,matyos_kahsay,1671254818955
1603983438037524481,Juan Omaury Romero Perez,OmauryPerez,1671254818963
1432558663382671364,Kenta,Kenta70925112,1671254818971
1602041105125613569,Onuh Michael mathias,OnuhMichaelmat2,1671254818978
1603982480264298497,chicken soup,chicken96772327,1671254818986
2238579900,Brenton Bush,bbush2017,1671254818994
1306955222267211777,„ÇÇ„ÇÇ„Çì„Åå,momo_zuko,1671254819002
1603984003601731584,raakin,raakinthese,1671254819010
1603982837966704640,Antonio Perez,Antonio60621307,1671254819018
1169111537283297285,sai,k_psy_xxxx_,1671254819025
1603984001362010115,Loyce,Loyce41354243,1671254819034
1603982450085986304,PoliticalStuntman,PolitiStuntman,1671254819042
1603983957254471680,Marian Tuttle,MarianTuttle9,1671254819049
2964480286,Ulrich_D,ulrich_d1,1671254819057
1603980476196208641,Julio,Julio17147,1671254819065
1346727423673511937,Jerrybankstips,Jerrybankstips,1671254819073
1359261706795425793,„ÇÄ„Å£„Åè,20210210w,1671254819081
1603983824999927808,maged,maged79930683,1671254819089
1603982129611825153,Sakshi Goutam,sakshi__goutam,1671254819096
1603983935268323328,Sang Truong,SangTru04319176,1671254819105
1603983816040755200,ees wansutha,EWansutha,1671254819112
1603983362766819329,Ë®±ËªíÁëû,xxunru4,1671254819120
1603983985947791360,Alex,Alex54551790,1671254819127
1243550963551604740,„Åà„Çã„Åè„Çì,A_Eru_,1671254819135
478965727,Jeff Sloan,Sloanie2020,1671254819143
1603980991126814720,Audrey Robinson,AudreyR13121935,1671254819151
1603765727722409986,Sanora,Sanora38517654,1671254819158
1603984071046189056,Arslan √É¬áevik üí©üí™ü¶Ñ,EvikArslan,1671254819166
1450408190185656321,"23238.lens(üå∏, üåø)üõ∏(üíô,üß°)",5X7X9,1671254819174
1603983311663034369,Niraj Niraj,NirajNi64282791,1671254819182
1603984066130640898,Nta,Nta75157155,1671254819190
1598929414485671937,Danny,Danny36316134,1671254819198
1603983362087342081,KUNAL PATEL,gkpatelkunal1,1671254819205
821541194454986754,k,annakar3nc,1671254819214
1603983202988589058,Akash Deshrani,AkashDeshrani,1671254819222
1603983881299890176,Èü©Â≠üÊ¥ã,hnmngyng7,1671254819229
1603983879718817796,G3 Media,G3mediaagencia,1671254819237
1603983187431936000,Md Alam,alammd892776,1671254819245
1603982765774569473,siphamandla ndlukulwani,SNdlukulwani,1671254819249
2531256373,pink_gold,BbBusakorn,1671254819251
1587032763294695424,CauMarques07,CauMarques07,1671254819253
1603983851914764288,avier,avier07038714,1671254819256
1603982282750152704,Miles Smalls,smalls_miles,1671254819258
1406169884363354115,tina,tina_uyu,1671254819261
1603984014834298880,Renate,Renate19271955,1671254819264
2205387223,Debi Booker,booker711,1671254819266
1603983945795866624,Lajos Gombos,LajosGombos1,1671254819268
1603983773154086917,Edwin Ramos,EdwinRa49337727,1671254819270
1603983535420805121,Èô≥ÂÆáËôπ,chnyhng71396064,1671254819274
258472434,Vary Staybill Jeanious,NickSpirop,1671254819276
858570226425749504,The Cage,TheCage31,1671254819278
1562368152226635777,Tasmanian Devil,Tasmani95336119,1671254819281
1547038961171927041,jonathan,jonathan78887,1671254819284
1158475573376757761,Mohsen Hashemi,MohsenH16240209,1671254819286
1603983870700900353,huy binh,huybinh96234682,1671254819293
1603983856830390272,Carter Eugen,CarterEugen1,1671254819295
1603983867798380545,shant,Toro9706,1671254819302
1603984034857615360,Skydog,Skydog80817733,1671254819306
1603981196135960580,ravage,ravage63924505,1671254819308
1603983186530168832,S∆°n H·ªØu,sonnnnn9999,1671254819311
1603983798215274496,Diana Duma,DianaDuma5,1671254819313
1603981448985427969,Qadeer Choudhary,QadeerChoudha11,1671254819315
1603983601749598208,rayslan rodrigues,Rayslanzinn,1671254819318
275693948,Bing,bing_canada,1671254819320
1493165158113464323,Hassan,hsnabwmad1,1671254819323
1603983956734799872,Sean Allen,SeanAll05196795,1671254819325
1455866091645796363,Ê•äËªç,VvBtpIGWjvjHBsc,1671254819328
1576367450911916032,Aiden Evans,AidenEv63025667,1671254819330
1603983769161019392,Griselda548018,griselda548018,1671254819332
1603983587988148225,Sans,Sans_inkPro,1671254819335
1603983837616300032,Tugce Kilic,urmom7755728299,1671254819342
1168238898641809408,Endry0u,Endry0u,1671254819345
1603983101088174082,Luis Rafael Rodr√≠guez Ortiz,lrro0810,1671254819347
1457993571043213316,Tanjila Sultan,SultanTanjila,1671254819350
1603982747655094273,Ay gun,AigunNajafi,1671254819352
2323414945,Md Haris Tafreeh,Mdharistafreeh,1671254819356
1603983866330763266,Sjsnjj Sjss,SjsnjjS,1671254819358
1603983197385146368,Muhammed Yilmaz,yilmazpt07,1671254819361
1603983395511750656,AMAR ADWANI,AMARADWANI1,1671254819363
1603983879228071937,L,L65838011,1671254819365
1125267209759088641,cris wu,criswu27121771,1671254819368
1603982614020460544,Kwame Afreh,KwameAfreh66,1671254819370
1603983792565358598,Delia Kelsen,DeliaKelsen2,1671254819372
1603983808629456896,–ê–ª–µ–∫—Å–µ–π –ú–∞—Ä–∫–µ–ª–æ–≤,AleksejMarkel12,1671254819375
1603983775528292352,Kota188_official,Kota188_Gacor,1671254819377
1603983968730234880,Billy Bobb,BillyBo27885741,1671254819381
1603983517096022021,Mary Gittens,MaryGittens15,1671254819384
1603983853718327299,Malissa,Malissa16589606,1671254819391
1603982931076194305,Nightsky,nightsky_yy9,1671254819394
1553599375032877056,„É™„ÉÉ„ÉÅ,wukvd,1671254819398
1603983357301428226,Danno,DanielBarley17,1671254819401
1594136732483866624,Rahul Majoka,RahulMa36410596,1671254819404
1603983531897942018,Konstantin Dirienko,Beatgamer911,1671254819407
1603981928788639744,Peter,Peter444440255,1671254819410
1603983991857725441,Hehe Heje,HeheHej36876146,1671254819414
1603983889558654977,Luan Silveira,il16955930,1671254819417
63527253,Oto adamia,OtoAdamia,1671254819420
1589688605492092932,Andrea Kaindl,andrea_kaindl,1671254819422
1603980448186904577,abhishek soloman,abhisheksunnyz,1671254819425
85111575,Osinakachukwu,Osinanwata_G,1671254819429
1603983875855745025,alex namaianu,AlexNamaianu,1671254819431
1603981496028745728,Mauricio Testerez,realShukarHans,1671254819434
1603983760655007749,Facanha silva Jose,FacanhasilvaJo1,1671254819437
1603983893706821633,Dam,Dam23649200,1671254819445
1603983886656180224,Nick,Zack90029712,1671254819448
1603982104240746496,Shiva Dharshan,DemonShiva7,1671254819451
1603983846671880192,AnisaRidanty,AnisaRidanty,1671254819454
1603973995262459907,Md Johirul Islam,MdJohir07965727,1671254819457
1603983922467069952,Azizhan Kunt üôé‚Äç‚ôÇÔ∏èüêòüêù,AzizhanKunt,1671254819461
1427239479924822017,Samuel,Samuel37220832,1671254819464
1603982727736279041,IEnot,IE0813,1671254819471
1601701182728126465,033,9948x,1671254819474
1603983415476654080,Ficity,JENZY1000,1671254819477
1509438500076244993,Alexxp,libraonempty,1671254819480
1603983809040498688,Hongoroo Hongoroo,Hongoro47551332,1671254819483
1603982248830799873,Amir Balouch,AmiRBalouch555,1671254819486
1603981199873085442,Bogdan Tadla,Bota17Bogdan,1671254819489
1515386857374244864,Lynne Wilkin,jwilkin1234,1671254819492
1603983595097706496,zass lovely,ZassLovely,1671254819495
1603983302397935616,Bbela Vinus,VinusBbela,1671254819498
1075574022237126661,jianguo,chuanjianguoba,1671254819501
1603983587136507904,Ëµµ‰∏∫Ê∞∏,zhowiyng41,1671254819504
1603983903722700805,Sarikiz,Sarikiz34236328,1671254819507
1603979860854063105,yonca toprak,yoncatoprak32,1671254819510
1603983751893114880,Ford Juliet,FordJuliet4,1671254819513
1603981777210597382,Mohammed Zeos,jigokuu6,1671254819516
1603983709052469248,Michelle Barnim,michelle_barnim,1671254819519
1603983203127087104,FIFA Beta,FIFABet85947365,1671254819527
1603983294747402240,Justin,Justin68208473,1671254819533
1603983507738370050,ÁöÆËÄÅÊùø,plobn340763411,1671254819536
3247393880,Abdulla Al Shehhi,lahha84,1671254819539
1603983025234231297,Michael frost,Michael05646305,1671254819542
1603983424859082752,Charizard_fofinho,Charizardfofo,1671254819545
268025314,Jose A Velazquez L,ALEXITO212,1671254819548
1603983841579991042,Lisa lol,Lisalol67013259,1671254819551
1603982892773904386,Naomi Clark,cl66459459,1671254819554
1603983652676927489,essam jamal,essamja123,1671254819558
1603979943033331712,ÊªïÈ£û,tngfi60540488,1671254819561
1603981893141417984,Ravi Dev,RaviDev97991709,1671254819564
1603983745035419648,–°–∞–±–∏–Ω–∞,Sabina89891247,1671254819567
1603983621890744320,_dra&_,dra38079074,1671254819571
949367164103835648,Dave Belding,belding_dave,1671254819573
1603983300535656448,Alexander Camachi,Alexand37287662,1671254819576
2246557904,Shawn Placie,SPlacie,1671254819578
1418159412103901187,Feinbrot,fbt_55,1671254819584
1564450745897959424,Abdulmajid Umar,Abdulma89350775,1671254819588
1600458113445830661,Âê¥Êó•‰∏âË∫´,wrsnshn1,1671254819590
1603983674709405696,Virgil Sander,VirgilSander12,1671254819593
1603981725234782210,R.HariHaran police,HariharanPolice,1671254819595
1603982756639383552,Maaro Ahmed,maaro_ahmed,1671254819598
1603983767399698432,himat singh,himatsi76950214,1671254819601
1603983639783821312,karan,karan78553953,1671254819603
1603983770096242688,Jesusa Burnias,BurniasJesusa,1671254819605
1603981949286207489,Hawi Foundation,HawiFoundation,1671254819608
1603979781506490370,Sandeep SCR,scr_sandeep,1671254819611
1603983254985457665,10.31,cCGq8pH7n4UzYcn,1671254819613
1603983832079667200,Daniel,Daniel01941048,1671254819616
1603981478266040320,Redwan Ahmed,RedwanAhmed2002,1671254819618
1603983543377485824,Ronish Variya,RonishVariya,1671254819620
1260353340,aliemir samlioglu,AliemirS,1671254819623
1271366763096104961,„Åµ„Åø„ÇÉ,kaede_smile21,1671254819626
1296559005716951040,Iulian Popa,IulianPopa20,1671254819633
1578586395433529344,Ten Sheen,ten_sheen,1671254819635
1603983814904217600,Messdgehe,messdgehe,1671254819638
1603983641025159170,Les Elizabeth,LesElizabeth9,1671254819641
1603983514294226944,Shed,Bebbo42957998,1671254819643
1603983673434464256,Salome Mary,SalomeMary17,1671254819646
1603983661799350273,MINH NGHƒ®A,MINHNGH93178822,1671254819648
1603983664701906945,Kasot,Kasot19Kasot,1671254819652
1603983753486925824,Kuku Kumar,KukuKum78828087,1671254819654
1603983100861874177,Eddison Gabriales,EddisonGabrial1,1671254819657
1570006362851086336,ÿ≠ÿßŸÅÿ∏ ŸÜÿπŸÖÿ™ ÿßŸÑÿ≠ŸÇ ÿ≥ŸÑÿ∑ÿßŸÜ€å,mt_hafz,1671254819659
1506804572295155712,Candan √ñzturan,ozturan_candan,1671254819662
1603983157547655168,–ê–Ω–Ω–∞,a0459936,1671254819665
951822562941583360,Akkala Anil,AkkalaAnil1,1671254819667
1596378299764187138,Iesha Imran,iesha_imran,1671254819669
1603983209078964226,Shelby Elizabeth Franco Ruiz,shelbynah,1671254819672
1603983035933736960,Ricardo Villegas,Ricardo35713569,1671254819675
1897630370,Brice Piaton,BPiaton,1671254819682
1473854949289345028,realkoolnoob,realkoolnoob,1671254819685
1603977369496215552,NancyB,NancyB_54,1671254819687
1603981843325403137,Ray mouser,Raymouser8,1671254819689
1603983498620067840,Guilherme Esteves,Guilher46748731,1671254819692
1603983452067569665,Joel thomasson,Itchyballz172,1671254819699
1603969693152382976,Mikk824,Mikk824L,1671254819706
1427492872748732416,Abdulazizüá∏üá¶üè¥,7e44r,1671254819711
357771020,yaz baruja,yazbaruja,1671254819716
1603983662537912320,Allen951953,allen951953,1671254819726
1603981200695386114,Ashu_9905,Ashu_11245,1671254819731
1603981906210459648,Chris McClure,ChrisMc46759442,1671254819737
365366704,smarts,sam_martin1,1671254819739
967368051908685824,Deena Buditomo,BuditomoDeena,1671254819742
1587689366960631808,Hossain Billal,Hossain42557842,1671254819745
2947552362,uth,uthmanmalqarni,1671254819747
1603983625912926208,Ê≠¶Áî∞ËÅñÂ§ú,BedBvokgskipoCJ,1671254819749
1603982282007748609,Asa Hodrick,FlasHodrick,1671254819756
1603983386640809984,Claudine Wyatt,wyatt_claudine,1671254819760
1603978809195352066,John Harpole,Calvinthecat_1,1671254819762
1603983761095462912,Dyan Pƒ±nault ‚òòüò†üíÖ,DyanPnault1,1671254819765
1566532529263353857,Brooke Manning,BrookeManning85,1671254819767
1603962319134158849,Reed Johnson,ReedJoh76088402,1671254819770
1603983071124262915,Syed Ibrahim,SyedIbr25496980,1671254819773
1603982771596447744,Lokesh Tamang,tamanglokesh6,1671254819776
1603975426648727554,Marlyn Aquino,aquino19_marlyn,1671254819783
1600635452377235457,Alberto,Alberto95511884,1671254819786
1553038872824741888,Norman Ncube,NormanN02040380,1671254819789
1603982085441482752,Rutuja Sawant,s07692073,1671254819797
1603983609072951297,–õ—É–∏–∑–∞,Luiza84872615,1671254819800
1603706956518137860,Chrissy Webber,mamacjwebs,1671254819803
1603982439927406592,PARDEEP BATTAN,PARDEEPBATTAN7,1671254819805
1603983745643679746,Jxjxdbdjxb jdjdxj‚Äôsn,JdjdxjSn,1671254819809
1603840236483710999,Nmr,Nmr5050,1671254819811
1112236101287043072,„Éá„Éë,purosupidepa,1671254819814
1237386542726803456,Solomon,Solomon17876967,1671254819816
1603982290400342016,Shivpoojan verma,Shivpoo41395163,1671254819819
1507911504888307712,Jordan Jamison,JordanJ73554643,1671254819821
1603983632229711872,Pvp Papu,PapuPvp,1671254819824
1603983537459417088,Piero Andre Rantes Arellano,RantesArellano,1671254819826
1603983568497217536,Agit Sakcak,ag_sakah,1671254819829
1603982658073419776,Bikash Barik,BikashB32265825,1671254819832
1603982286076116994,Milagro Ricavet,RicavetMilagro,1671254819834
1603983603779735552,007 the fleshlight,sugarsw33ts,1671254819841
1603981391997329408,Water,Waterdestroyrr,1671254819845
1603983656325890050,Linde Beentjes,BeentjesLinde,1671254819852
894885127897063425,o,bikinkutipan,1671254819855
1603617713435312128,alan majkut,AlanMajkut,1671254819858
1603983709589209088,dsjkidsd,dsjkidsd,1671254819860
1603983503774941185,Nicole James,NicoleJ93117733,1671254819863
1603983257095540738,=)))),yeu_quapho,1671254819866
1545245817048633344,Clare Louise,ClareLo27966887,1671254819868
1603983213667536897,Dixie Normous,1DixieNormous1,1671254819870
1603983502562582530,Zack,Zack45680005,1671254819873
1603980690453942273,Haley Marietta,honeydewkip,1671254819876
1603981447320457217,Puthi,Puthi250,1671254819880
1603983529443999744,Heemhunnitz,Heemhunnitz1,1671254819883
1601812150233616384,Deebesh Tamilarasu,DeebeshTamilar,1671254819886
1601695774185820160,Peace Erukanure,PErukanure,1671254819889
1603983167588864000,David Watson,DavidWa67786664,1671254819893
1603983325688840192,Tracie Marshall,TracieM90998200,1671254819896
1603983281225367552,Kim Phan,Ohno51290174,1671254819899
1603983617356595200,Manvel Manvel,MANVELMANVEL20,1671254819902
822209366115885056,ms,ms_ms1567,1671254819904
1543868476741255169,Dieuwertje Iris,DieuwertjeYour,1671254819908
1603983664479670272,Ahenk Cile,AhenkCile,1671254819911
1567828161781706753,ayden,GracieACrave,1671254819914
1603983551761883137,Kadir Erbay,Efetr3737373,1671254819917
1603983668539805696,Night Vision,NightVi98088479,1671254819920
1603980650578849792,Masum Billah,SixrGaming,1671254819924
1603983471558332416,alexander ward,alexand99573496,1671254819927
1603983367413698560,jeongyeol choi,pkm322a,1671254819934
718553951675760641,ùìêùìΩùì≤ùìØ ùìúùìÆùì±ùì∂ùì∏ùì∏ùì≠ ùì¶ùì™ùì±ùìµùì™,wahla79,1671254819942
1603983471730257920,Paul Carllyle,PaulCarllyle4,1671254819951
1603983624621019136,Feturere Feturere,feturere,1671254819959
1603983535714574337,–ú–∏–ª–∞–Ω–∞,Milana41499350,1671254819966
1603982915230220288,Mahmoud,MahmoudWees,1671254819974
974653295980621824,Andy Scott,Aoscott2002,1671254819982
1258904226119299072,Stavros Popoff,impossiblyBimbo,1671254819990
1238478913325748225,WolfKing13,King13Wolf,1671254819998
1211206951977140224,Miss.Mothafuckin.Fluffy,MissMothafuckin,1671254820005
1452159196049281026,Harith,kk_harith,1671254820013
1603982170971947011,Faizan Warsi,FaizanW27788464,1671254820022
1603981873641934848,Tuƒüba,Tugbaaydeniz17,1671254820029
1603983084638150656,marry smith,marrysm91122120,1671254820037
1603983619701477376,Sanora,Sanora94452003,1671254820040
1603981943770587136,Rokin,Rokin70251172,1671254820043
1603981984749195264,vodka_arhangelskaya,vodk_arhangelsk,1671254820047
1603982919420321793,Mo,octaviusdedlft,1671254820050
1603983644720353280,David Fernandez,DavidFe08680709,1671254820053
1243096022659686400,Remaja Monaslim ‚§µÔ∏è,Pencerah___,1671254820056
1602818822557564929,Wiki Current Events,WikiCurrent,1671254820059
1603973866497474561,Anonymous Hits,AnonymousHits1,1671254820063
1603983236417392643,Mulaim,Mulaim90884055,1671254820066
1603983681160466432,Brayden Shuttlesworth,BraydenShuttle8,1671254820069
1441239042733993991,KnightNait,KnightNait,1671254820072
1603983631256637443,Faris Kunter üôÇüêÆüêô,FarisKunter,1671254820076
1603983547064123392,mmmmm,mmmmm01550541,1671254820079
1603983279539060737,WEI,WEI30022964,1671254820082
1603982931562840067,TR1PPY,XTR1PPDX,1671254820085
1603983285079531520,Vyacheslav Voronin,v_vyachesl,1671254820088
1603983357196615680,Teoner,Teoner000,1671254820092
28399152,chris j. gregg,cjgregg,1671254820095
727263349084319744,Devin Juneau,devin_juneau,1671254820097
1603982721268830210,Saulo Gabriel,SauloGa87009848,1671254820100
1493040326541742080,blblbl,blblbl933,1671254820104
1603983075796320256,Brock,Brock8416,1671254820107
1603980129235243008,Abdul Pthan,pthan_abdul,1671254820110
1603983537278894080,Avinash Kumar,Avinash05915950,1671254820113
1603983629331435520,M√ºjdat Poyrazo√§¬ülu üòàüí™ü¶Ñ,MujdatLu,1671254820116
1603983054699401216,Èô≥ÂÜ†ÂÆâ,capitalaz99,1671254820120
1603983291476058112,Kimyhot,Kiimhot,1671254820127
1603983324665597952,nanda Cenges,CengesNanda,1671254820131
1603983108704976896,Laura Mom,BLessingexs,1671254820134
1603983576059502593,Alime Depmeoglu,AlimeDepmeoglu,1671254820136
1484201694539907077,Ó®Ä‚ÄéŸáŸÄŸÄŸÄÿßÿØÿßÿ±ÿß | Hadara,Hadara___,1671254820140
1603983384447160320,Divya Tripathi,DivyaTr69782340,1671254820143
1603983621207068674,Jrjfjfjf,Jrjfjfj83662266,1671254820146
1404459144132894722,EmmieluoÔºå,Emmieluo1,1671254820149
1596359421906411520,hau bang,haubang1,1671254820153
1603983394047770625,Hakim S Gaming,kikigsuaj,1671254820156
1553699797957312512,Ahmadd Alomarii,AlomariiAhmadd,1671254820159
1603983510750040071,Buse Berlinski,BerlinskiBuse,1671254820162
1603983466051211264,Lalitha Shankar,Lalitha08233298,1671254820165
825421442208636930,telqrom,telqrom1,1671254820169
1357604978,abd tko,19862010Abd,1671254820172
1603983406668582914,hff,hff60711711,1671254820175
1503674953702711297,lendra esho,LendraEsho,1671254820178
1601816134210273280,Qasim Saeed,Qasim17022275,1671254820186
565011348,Kate Scarola,katescarola,1671254820190
1603983315530354689,punish hieewqqr,d0h39r2aoijoia,1671254820193
1548675589506322432,boone_boi.,boone_boi,1671254820196
1603982470155993088,Raju Panhalkar,PanhalkarRaju,1671254820199
1603980939100532736,Prince Hyner Austria,HynerPrince,1671254820202
1603958871948525568,Chenghuan,Chenghuan971220,1671254820206
1603982333438304257,Shannon Waldron,PrincessZelda73,1671254820209
1603983591016366080,morgan,morgan96829769,1671254820212
1195491382569381888,charlie winston,kiddbuu_1,1671254820215
1603970786506682369,John Dia,smartstart2008,1671254820220
1574243194065555456,Borey Heng,borey_vip,1671254820223
1546237628076417024,Slow,Slow46657767,1671254820226
1603983179227987968,Matteo Jaku,JakuMatteo,1671254820229
1603983519365070849,deez nuts,deeznutshorney,1671254820233
1603982992531197953,Daniel David Lopez Perez,LopezdPerez,1671254820237
1603983025359884288,Larua Marquez,LaruaMarquez,1671254820240
1603983448061857792,Kien David,KienDavid2,1671254820243
1603983603150786560,Io Teresa Vengeful,IoVengeful,1671254820246
1603982858720366593,Darwin Flores,DarwinF99444935,1671254820250
1603634994219450369,Siphamandladeewinner,Siphamandladee1,1671254820253
1603983147615457280,Dustin Goldsmith,RustyCoatHang3r,1671254820257
1603979699105189888,Adhie Hartono,Adhie_Zhiwa,1671254820260
1603982290677293056,Yaa Wiredu,WireduYaa,1671254820263
1603983124152872960,hi,hi55611394,1671254820268
1603982983555432449,Arian Arias,arian_arias12,1671254820271
1603983440759689217,–ö–∞–º–∏–ª–ª–∞,Kamilla70418759,1671254820274
1603983305900277760,Margarida,Margari27767319,1671254820277
1603983292776194049,Gilat Cohen,co_gil_88,1671254820280
1535604550727499776,Jado,Jado96660462,1671254820285
